_key,abbreviation,bike,history_select/0/text,history_select/0/value,history_select/1/text,history_select/1/value,history_select/2/text,history_select/2/value,history_select/3/text,history_select/3/value,history_select/4/text,history_select/4/value,history_select/5/text,history_select/5/value,history_select/6/text,history_select/6/value,history_select/7/text,history_select/7/value,history_select/8/text,history_select/8/value,history_select/9/text,history_select/9/value,history_select/10/text,history_select/10/value,history_select/11/text,history_select/11/value,history_select/12/text,history_select/12/value,history_select/13/text,history_select/13/value,history_select/14/text,history_select/14/value,history_select/15/text,history_select/15/value,history_select/16/text,history_select/16/value,history_select/17/text,history_select/17/value,history_select/18/text,history_select/18/value,history_select/19/text,history_select/19/value,history_select/20/text,history_select/20/value,history_select/21/text,history_select/21/value,history_select/22/text,history_select/22/value,history_select/23/text,history_select/23/value,history_select/24/text,history_select/24/value,history_select/25/text,history_select/25/value,history_select/26/text,history_select/26/value,history_select/27/text,history_select/27/value,history_select/28/text,history_select/28/value,history_select/29/text,history_select/29/value,history_select/30/text,history_select/30/value,history_select/31/text,history_select/31/value,history_select/32/text,history_select/32/value,history_select/33/text,history_select/33/value,name,nationality,normalized_relative_url,pcs_points,pcs_ranking_position,riders/0/age,riders/0/nationality,riders/0/ranking_points,riders/0/ranking_position,riders/0/rider_name,riders/0/rider_url,riders/0/since,riders/0/until,riders/1/age,riders/1/nationality,riders/1/ranking_points,riders/1/ranking_position,riders/1/rider_name,riders/1/rider_url,riders/1/since,riders/1/until,riders/2/age,riders/2/nationality,riders/2/ranking_points,riders/2/ranking_position,riders/2/rider_name,riders/2/rider_url,riders/2/since,riders/2/until,riders/3/age,riders/3/nationality,riders/3/ranking_points,riders/3/ranking_position,riders/3/rider_name,riders/3/rider_url,riders/3/since,riders/3/until,riders/4/age,riders/4/nationality,riders/4/ranking_points,riders/4/ranking_position,riders/4/rider_name,riders/4/rider_url,riders/4/since,riders/4/until,riders/5/age,riders/5/nationality,riders/5/ranking_points,riders/5/ranking_position,riders/5/rider_name,riders/5/rider_url,riders/5/since,riders/5/until,riders/6/age,riders/6/nationality,riders/6/ranking_points,riders/6/ranking_position,riders/6/rider_name,riders/6/rider_url,riders/6/since,riders/6/until,riders/7/age,riders/7/nationality,riders/7/ranking_points,riders/7/ranking_position,riders/7/rider_name,riders/7/rider_url,riders/7/since,riders/7/until,riders/8/age,riders/8/nationality,riders/8/ranking_points,riders/8/ranking_position,riders/8/rider_name,riders/8/rider_url,riders/8/since,riders/8/until,riders/9/age,riders/9/nationality,riders/9/ranking_points,riders/9/ranking_position,riders/9/rider_name,riders/9/rider_url,riders/9/since,riders/9/until,riders/10/age,riders/10/nationality,riders/10/ranking_points,riders/10/ranking_position,riders/10/rider_name,riders/10/rider_url,riders/10/since,riders/10/until,riders/11/age,riders/11/nationality,riders/11/ranking_points,riders/11/ranking_position,riders/11/rider_name,riders/11/rider_url,riders/11/since,riders/11/until,riders/12/age,riders/12/nationality,riders/12/ranking_points,riders/12/ranking_position,riders/12/rider_name,riders/12/rider_url,riders/12/since,riders/12/until,riders/13/age,riders/13/nationality,riders/13/ranking_points,riders/13/ranking_position,riders/13/rider_name,riders/13/rider_url,riders/13/since,riders/13/until,riders/14/age,riders/14/nationality,riders/14/ranking_points,riders/14/ranking_position,riders/14/rider_name,riders/14/rider_url,riders/14/since,riders/14/until,riders/15/age,riders/15/nationality,riders/15/ranking_points,riders/15/ranking_position,riders/15/rider_name,riders/15/rider_url,riders/15/since,riders/15/until,riders/16/age,riders/16/nationality,riders/16/ranking_points,riders/16/ranking_position,riders/16/rider_name,riders/16/rider_url,riders/16/since,riders/16/until,riders/17/age,riders/17/nationality,riders/17/ranking_points,riders/17/ranking_position,riders/17/rider_name,riders/17/rider_url,riders/17/since,riders/17/until,riders/18/age,riders/18/nationality,riders/18/ranking_points,riders/18/ranking_position,riders/18/rider_name,riders/18/rider_url,riders/18/since,riders/18/until,riders/19/age,riders/19/nationality,riders/19/ranking_points,riders/19/ranking_position,riders/19/rider_name,riders/19/rider_url,riders/19/since,riders/19/until,riders/20/age,riders/20/nationality,riders/20/ranking_points,riders/20/ranking_position,riders/20/rider_name,riders/20/rider_url,riders/20/since,riders/20/until,riders/21/age,riders/21/nationality,riders/21/ranking_points,riders/21/ranking_position,riders/21/rider_name,riders/21/rider_url,riders/21/since,riders/21/until,riders/22/age,riders/22/nationality,riders/22/ranking_points,riders/22/ranking_position,riders/22/rider_name,riders/22/rider_url,riders/22/since,riders/22/until,riders/23/age,riders/23/nationality,riders/23/ranking_points,riders/23/ranking_position,riders/23/rider_name,riders/23/rider_url,riders/23/since,riders/23/until,riders/24/age,riders/24/nationality,riders/24/ranking_points,riders/24/ranking_position,riders/24/rider_name,riders/24/rider_url,riders/24/since,riders/24/until,riders/25/age,riders/25/nationality,riders/25/ranking_points,riders/25/ranking_position,riders/25/rider_name,riders/25/rider_url,riders/25/since,riders/25/until,riders/26/age,riders/26/nationality,riders/26/ranking_points,riders/26/ranking_position,riders/26/rider_name,riders/26/rider_url,riders/26/since,riders/26/until,riders/27/age,riders/27/nationality,riders/27/ranking_points,riders/27/ranking_position,riders/27/rider_name,riders/27/rider_url,riders/27/since,riders/27/until,riders/28/age,riders/28/nationality,riders/28/ranking_points,riders/28/ranking_position,riders/28/rider_name,riders/28/rider_url,riders/28/since,riders/28/until,status,uci_ranking_position,wins_count,riders/29/age,riders/29/nationality,riders/29/ranking_points,riders/29/ranking_position,riders/29/rider_name,riders/29/rider_url,riders/29/since,riders/29/until,history_select/34/text,history_select/34/value,history_select/35/text,history_select/35/value,history_select/36/text,history_select/36/value,history_select/37/text,history_select/37/value,history_select/38/text,history_select/38/value,history_select/39/text,history_select/39/value,history_select/40/text,history_select/40/value,history_select/41/text,history_select/41/value,history_select/42/text,history_select/42/value,history_select/43/text,history_select/43/value,history_select/44/text,history_select/44/value,history_select/45/text,history_select/45/value
ACT,ACT,BMC,2025 | AG2R Citroën Team,team/ag2r-citroen-team-2025/overview/,2024 | AG2R Citroën Team,team/ag2r-citroen-team-2024/overview/,2023 | AG2R Citroën Team,team/ag2r-citroen-team-2023/overview/,2022 | AG2R Citroën Team,team/ag2r-citroen-team-2022/overview/,2021 | AG2R Citroën Team,team/ag2r-citroen-team-2021/overview/,2020 | AG2R La Mondiale,team/ag2r-la-mondiale-2020/overview/,2019 | AG2R La Mondiale,team/ag2r-la-mondiale-2019/overview/,2018 | AG2R La Mondiale,team/ag2r-la-mondiale-2018/overview/,2017 | AG2R La Mondiale,team/ag2r-la-mondiale-2017/overview/,2016 | AG2R La Mondiale,team/ag2r-la-mondiale-2016/overview/,2015 | AG2R La Mondiale,team/ag2r-la-mondiale-2015/overview/,2014 | AG2R La Mondiale,team/ag2r-la-mondiale-2014/overview/,2013 | AG2R La Mondiale,team/ag2r-la-mondiale-2013/overview/,2012 | AG2R La Mondiale,team/ag2r-la-mondiale-2012/overview/,2011 | AG2R La Mondiale,team/ag2r-la-mondiale-2011/overview/,2010 | AG2R La Mondiale,team/ag2r-la-mondiale-2010/overview/,2009 | AG2R La Mondiale,team/ag2r-la-mondiale-2009/overview/,2008 | AG2R La Mondiale,team/ag2r-la-mondiale-2008/overview/,2007 | AG2R Prévoyance,team/ag2r-prevoyance-2007/overview/,2006 | AG2R Prévoyance,team/ag2r-prevoyance-2006/overview/,2005 | AG2R Prévoyance,team/ag2r-prevoyance-2005/overview/,2004 | AG2R Prévoyance,team/ag2r-prevoyance-2004/overview/,2003 | AG2R Prévoyance,team/ag2r-prevoyance-2003/overview/,2002 | AG2R Prévoyance,team/ag2r-prevoyance-2002/overview/,2001 | AG2R Prévoyance,team/ag2r-prevoyance-2001/overview/,2000 | AG2R Prevoyance,team/ag2r-prevoyance-2000/overview/,1999 | Casino - AG2R,team/casino-ag2r-1999/overview/,1998 | Casino - AG2R,team/casino-ag2r-1998/overview/,1997 | Casino - C'est votre équipe,team/casino-cest-votre-equipe-1997/overview/,1996 | Petit Casino - C'est votre équipe,team/petit-casino-cest-votre-equipe-1996/overview/,1995 | Chazal - MBK - König,team/chazal-mbk-konig-1995/overview/,1994 | Chazal - MBK - König,team/chazal-mbk-konig-1994/overview/,1993 | Chazal - Vetta - MBK,team/chazal-vetta-mbk-1993/overview/,1992 | Chazal - Vanille et Mûre - Vetta,team/chazal-vanille-et-mure-vetta-1992/overview/,AG2R Citroën Team,FR,team/ag2r-citroen-team-2023,1620,16,37,BE,453,125,VAN AVERMAET Greg,rider/greg-van-avermaet,01-01,12-31,32,BE,350,181,NAESEN Oliver,rider/oliver-naesen,01-01,12-31,27,FR,955,34,COSNEFROY Benoît,rider/benoit-cosnefroy,01-01,12-31,27,AU,893,39,O'CONNOR Ben,rider/ben-o-connor,01-01,12-31,29,FR,216,282,SARREAU Marc,rider/marc-sarreau,01-01,12-31,28,IT,367,168,VENDRAME Andrea,rider/andrea-vendrame,01-01,12-31,37,FR,99,496,CHEREL Mikaël,rider/mikael-cherel,01-01,12-31,36,CH,50,760,SCHÄR Michael,rider/michael-schar,01-01,12-31,29,FR,250,248,VENTURINI Clément,rider/clement-venturini,01-01,12-31,27,FR,250,249,PARET-PEINTRE Aurélien,rider/aurelien-paret-peintre,01-01,12-31,26,FR,228,266,GODON Dorian,rider/dorian-godon,01-01,12-31,27,FR,139,393,BONNAMOUR Franck,rider/franck-bonnamour,01-01,12-31,32,US,25,1077,WARBASSE Larry,rider/lawrence-warbasse,01-01,12-31,30,FR,283,225,BOUCHARD Geoffrey,rider/geoffrey-bouchard,01-01,12-31,29,FR,225,272,PETERS Nans,rider/nans-peters,01-01,12-31,25,BE,184,314,DEWULF Stan,rider/stan-dewulf,01-01,12-31,26,FR,117,437,TOUZÉ Damien,rider/damien-touze,01-01,12-31,30,BE,64,648,NAESEN Lawrence,rider/lawrence-naesen,01-01,12-31,25,AT,319,197,GALL Felix,rider/felix-gall,01-01,12-31,25,FR,226,269,BERTHET Clément,rider/clement-berthet,01-01,12-31,25,FI,88,540,HÄNNINEN Jaakko,rider/jaakko-hanninen,01-01,12-31,26,FR,54,726,PRODHOMME Nicolas,rider/nicolas-prodhomme,01-01,12-31,22,FR,61,667,LAPEIRA Paul,rider/paul-lapeira,01-01,12-31,21,FR,54,731,BAUDIN Alex,rider/alex-baudin,01-01,12-31,22,FR,45,810,RETAILLEAU Valentin,rider/valentin-retailleau,01-01,12-31,20,FR,53,741,TRONCHON Bastien,rider/bastien-tronchon,01-01,12-31,20,FR,61,668,GAUTHERAT Pierre,rider/pierre-gautherat,01-01,12-31,22,FR,36,903,PARET-PEINTRE Valentin,rider/valentin-paret-peintre,01-01,12-31,24,FR,41,849,RAUGEL Antoine,rider/antoine-raugel,01-01,12-31,WT,16,2,,,,,,,,,,,,,,,,,,,,,,,,,,,,,,,,
ADC,ADC,,2025 | Alpecin-Deceuninck,team/alpecin-deceuninck-2025/overview/,2024 | Alpecin-Deceuninck,team/alpecin-deceuninck-2024/overview/,2023 | Alpecin-Deceuninck,team/alpecin-deceuninck-2023/overview/,2022 | Alpecin-Deceuninck,team/alpecin-deceuninck-2022/overview/,2022 | Alpecin-Fenix,team/alpecin-fenix-2022/overview/,2021 | Alpecin-Fenix,team/alpecin-fenix-2021/overview/,2020 | Alpecin-Fenix,team/alpecin-fenix-2020/overview/,2019 | Corendon - Circus,team/corendon-circus-2019/overview/,2018 | Corendon - Circus,team/corendon-circus-2018/overview/,2017 | Beobank - Corendon,team/beobank-corendon-2017/overview/,2016 | Beobank - Corendon,team/beobank-corendon-2016/overview/,2015 | BKCP - Powerplus,team/bkcp-powerplus-2015/overview/,2014 | BKCP - Powerplus,team/bkcp-powerplus-2014/overview/,2013 | BKCP - Powerplus,team/bkcp-powerplus-2013/overview/,2012 | BKCP - Powerplus,team/bkcp-powerplus-2012/overview/,2011 | BKCP - Powerplus,team/bkcp-powerplus-2011/overview/,2010 | BKCP - Powerplus,team/bkcp-powerplus-2010/overview/,2009 | BKCP - Powerplus,team/bkcp-powerplus-2009/overview/,,,,,,,,,,,,,,,,,,,,,,,,,,,,,,,,,Alpecin-Deceuninck,BE,team/alpecin-deceuninck-2023,1808,13,28,NL,1510.5,8,VAN DER POEL Mathieu,rider/mathieu-van-der-poel,01-01,12-31,25,BE,1708,5,PHILIPSEN Jasper,rider/jasper-philipsen,01-01,12-31,28,DK,334,188,KRAGH ANDERSEN Søren,rider/soren-kragh-andersen,01-01,12-31,32,IT,89,534,SBARAGLI Kristian,rider/kristian-sbaragli,01-01,12-31,28,IT,309,204,MARECZKO Jakub,rider/jakub-mareczko,01-01,12-31,32,CH,71,608,DILLIER Silvan,rider/silvan-dillier,01-01,12-31,31,BE,167,339,MEURISSE Xandro,rider/xandro-meurisse,01-01,12-31,31,BE,270,234,DE BONDT Dries,rider/dries-de-bondt,01-01,12-31,34,NL,88,537,SINKELDAM Ramon,rider/ramon-sinkeldam,01-01,12-31,30,BE,326,190,VERMEERSCH Gianni,rider/gianni-vermeersch,01-01,12-31,27,BE,678,68,HERMANS Quinten,rider/quinten-hermans,01-01,12-31,24,AU,467,118,GROVES Kaden,rider/kaden-groves,01-01,12-31,31,DE,60,672,KRIEGER Alexander,rider/alexander-krieger,01-01,12-31,30,NL,218,280,RIESEBEEK Oscar,rider/oscar-riesebeek,01-01,12-31,24,AU,338,187,STANNARD Robert,rider/robert-stannard,01-01,12-31,29,BE,70,614,RICKAERT Jonas,rider/jonas-rickaert,01-01,12-31,29,AT,10,1491,GOGL Michael,rider/michael-gogl,01-01,12-31,25,IT,387,152,OLDANI Stefano,rider/stefano-oldani,01-01,12-31,33,BE,95,513,JANSSENS Jimmy,rider/jimmy-janssens,01-01,12-31,26,IT,318,198,CONCI Nicola,rider/nicola-conci,01-01,12-31,26,BE,284,224,TAMINIAUX Lionel,rider/lionel-taminiaux,01-01,12-31,28,BE,54,725,PLANCKAERT Edward,rider/edward-planckaert,01-01,12-31,23,AT,137,398,BAYER Tobias,rider/tobias-bayer,01-01,12-31,27,BE,40,860,LEYSEN Senne,rider/senne-leysen,01-01,12-31,26,BE,58,694,GHYS Robbe,rider/robbe-ghys,01-01,12-31,22,BE,24,1112,VAN DEN BOSSCHE Fabio,rider/fabio-van-den-bossche,01-01,12-31,22,DE,39,874,BALLERSTEDT Maurice,rider/maurice-ballerstedt,01-01,12-31,22,AU,20,1198,PLOWRIGHT Jensen,rider/jensen-plowright,01-01,12-31,29,DE,55,720,OSBORNE Jason,rider/jason-osborne,01-01,12-31,WT,12,6,27,NZ,20,1196,GAZE Samuel,rider/samuel-gaze,01-01,12-31,,,,,,,,,,,,,,,,,,,,,,,,
ARK,ARK,,2025 | Team Arkéa Samsic,team/team-arkea-samsic-2025/overview/,2024 | Team Arkéa Samsic,team/team-arkea-samsic-2024/overview/,2023 | Team Arkéa Samsic,team/team-arkea-samsic-2023/overview/,2022 | Team Arkéa Samsic,team/team-arkea-samsic-2022/overview/,2021 | Team Arkéa Samsic,team/team-arkea-samsic-2021/overview/,2020 | Team Arkéa Samsic,team/team-arkea-samsic-2020/overview/,2019 | Team Arkéa Samsic,team/team-arkea-samsic-2019/overview/,2018 | Team Fortuneo - Samsic,team/fortuneo-samsic-2018/overview/,2017 | Fortuneo - Oscaro,team/fortuneo-oscaro-2017/overview/,2016 | Fortuneo - Vital Concept,team/fortuneo-vital-concept-2016/overview/,2015 | Bretagne - Séché Environnement,team/bretagne-seche-environnement-2015/overview/,2014 | Bretagne - Séché Environnement,team/bretagne-seche-environnement-2014/overview/,2013 | Bretagne - Séché Environnement,team/bretagne-seche-environnement-2013/overview/,2012 | Bretagne Schuller,team/bretagne-schuller-2012/overview/,2011 | Bretagne Schuller,team/bretagne-schuller-2011/overview/,2010 | Bretagne Schuller,team/bretagne-schuller-2010/overview/,2009 | Bretagne Schuller,team/bretagne-schuller-2009/overview/,2008 | Bretagne Armor Lux,team/bretagne-armor-lux-2008/overview/,2007 | Bretagne Armor Lux,team/bretagne-armor-lux-2007/overview/,2006 | Bretagne - Jean Floc'h,team/bretagne-jean-floc-h-2006/overview/,2005 | Bretagne - Jean Floc'h,team/bretagne-jean-floc-h-2005/overview/,,,,,,,,,,,,,,,,,,,,,,,,,,,Team Arkéa Samsic,FR,team/team-arkea-samsic-2023,1401,19,32,FR,46,786,BOUHANNI Nacer,rider/nacer-bouhanni,01-01,12-31,31,FR,588,89,BARGUIL Warren,rider/warren-barguil,01-01,12-31,29,FR,636,76,HOFSTETTER Hugo,rider/hugo-hofstetter,01-01,12-31,36,FR,37,889,BOUET Maxime,rider/maxime-bouet,01-01,12-31,35,FR,186,311,EDET Nicolas,rider/nicolas-edet,01-01,12-31,36,FR,179,320,PICHON Laurent,rider/laurent-pichon,01-01,12-31,33,FR,191,307,DELAPLACE Anthony,rider/anthony-delaplace,01-01,12-31,29,BE,447,126,CAPIOT Amaury,rider/amaury-capiot,01-01,12-31,31,GB,295,213,MCLAY Daniel,rider/daniel-mclay,01-01,12-31,25,IT,666,69,MOZZATO Luca,rider/luca-mozzato,01-01,12-31,27,FR,176,324,GESBERT Élie,rider/elie-gesbert,01-01,12-31,24,FR,248,250,CHAMPOUSSIN Clément,rider/clement-champoussin,01-01,12-31,33,PL,96,507,OWSIAN Łukasz,rider/lukasz-owsian,01-01,12-31,27,BE,410,143,BIERMANS Jenthe,rider/jenthe-biermans,01-01,12-31,23,FR,476,112,LOUVEL Matis,rider/matis-louvel,01-01,12-31,28,ES,129,415,RODRÍGUEZ Cristián,rider/cristian-rodriguez,01-01,12-31,21,FR,650,71,VAUQUELIN Kévin,rider/kevin-vauquelin,01-01,12-31,29,FR,51,752,LEDANOIS Kévin,rider/kevin-ledanois,01-01,12-31,28,FR,130,412,RUSSO Clément,rider/clement-russo,01-01,12-31,25,FR,54,728,GUERNALEC Thibault,rider/thibault-guernalec,01-01,12-31,25,FR,107,471,GUGLIELMI Simon,rider/simon-guglielmi,01-01,12-31,25,NL,43,826,DEKKER David,rider/david-dekker,01-01,12-31,25,FR,18,1232,RIOU Alan,rider/alan-riou,01-01,12-31,25,LU,66,636,RIES Michel,rider/michel-ries,01-01,12-31,22,FR,85,552,GRONDIN Donavan,rider/donavan-grondin,01-01,12-31,22,FR,113,451,BARRÉ Louis,rider/louis-barre,01-01,12-31,21,IT,54,732,VERRE Alessandro,rider/alessandro-verre,01-01,12-31,21,FR,84,559,LE BERRE Mathis,rider/mathis-le-berre,01-01,12-31,20,UA,35,918,PONOMAR Andrii,rider/andrii-ponomar,01-01,12-31,WT,19,3,20,FR,56,711,COSTIOU Ewen,rider/ewen-costiou,01-01,12-31,,,,,,,,,,,,,,,,,,,,,,,,
AST,AST,,2024 | Astana Qazaqstan Team,team/astana-qazaqstan-team-2024/overview/,2023 | Astana Qazaqstan Team,team/astana-qazaqstan-team-2023/overview/,2022 | Astana Qazaqstan Team,team/astana-qazaqstan-team-2022/overview/,2021 | Astana - Premier Tech,team/astana-premier-tech-2021/overview/,2020 | Astana Pro Team,team/astana-pro-team-2020/overview/,2019 | Astana Pro Team,team/astana-pro-team-2019/overview/,2018 | Astana Pro Team,team/astana-pro-team-2018/overview/,2017 | Astana Pro Team,team/astana-pro-team-2017/overview/,2016 | Astana Pro Team,team/astana-pro-team-2016/overview/,2015 | Astana Pro Team,team/astana-pro-team-2015/overview/,2014 | Astana Pro Team,team/astana-pro-team-2014/overview/,2013 | Astana Pro Team,team/astana-pro-team-2013/overview/,2012 | Astana Pro Team,team/astana-pro-team-2012/overview/,2011 | Pro Team Astana,team/pro-team-astana-2011/overview/,2010 | Astana,team/astana-pro-team-2010/overview/,2009 | Astana,team/astana-pro-team-2009/overview/,2008 | Astana,team/astana-2008/overview/,2007 | Astana,team/astana-2007/overview/,2006 | Würth Team,team/wurth-team-2006/overview/,2006 | Astana - Würth Team,team/astana-wurth-team-2006/overview/,2006 | Astana,team/astana-2006/overview/,2006 | Liberty Seguros - Würth,team/liberty-seguros-wurth-2006/overview/,,,,,,,,,,,,,,,,,,,,,,,,,Astana Qazaqstan Team,KZ,team/astana-qazaqstan-team-2023,560,28,37,GB,362,172,CAVENDISH Mark,rider/mark-cavendish,01-01,12-31,39,ES,372,160,SÁNCHEZ Luis León,rider/luis-leon-sanchez,01-01,12-31,30,KZ,477,111,LUTSENKO Alexey,rider/aleksey-lutsenko,01-01,12-31,32,IT,93,521,FELLINE Fabio,rider/fabio-felline,01-01,12-31,33,ES,170,333,DE LA CRUZ David,rider/david-de-la-cruz,01-01,12-31,28,IT,39,871,MOSCON Gianni,rider/gianni-moscon,01-01,12-31,36,KZ,179,321,ZEITS Andrey,rider/andrey-zeits,01-01,12-31,31,US,114,448,DOMBROWSKI Joe,rider/joe-dombrowski,01-01,12-31,27,NL,124,425,BOL Cees,rider/cees-bol,01-01,12-31,36,IT,25,1079,BOARO Manuele,rider/manuele-boaro,01-01,12-31,37,KZ,70,612,GRUZDEV Dmitriy,rider/dmitriy-gruzdev,01-01,12-31,27,IT,190,308,VELASCO Simone,rider/simone-velasco,01-01,12-31,26,KZ,51,753,GIDICH Yevgeniy,rider/yevgeniy-gidich,01-01,12-31,29,EE,49,766,LAAS Martin,rider/martin-laas,01-01,12-31,24,IT,362,174,BATTISTELLA Samuele,rider/samuele-battistella,01-01,12-31,27,BY,46,788,RIABUSHENKO Alexandr,rider/alexandr-riabushenko,01-01,12-31,29,IT,20,1191,MARTINELLI Davide,rider/davide-martinelli,01-01,12-31,24,KZ,135,402,PRONSKIY Vadim,rider/vadim-pronskiy,01-01,12-31,23,KZ,179,322,FEDOROV Yevgeniy,rider/yevgeniy-fedorov,01-01,12-31,29,IT,30,980,BASSO Leonardo,rider/leonardo-basso,01-01,12-31,25,IT,166,342,SCARONI Christian,rider/christian-scaroni,01-01,12-31,25,CO,131,411,TEJADA Harold,rider/harold-tejada,01-01,12-31,30,IT,45,801,NIBALI Antonio,rider/antonio-nibali,01-01,12-31,26,KZ,47,778,NATAROV Yuriy,rider/yuriy-natarov,01-01,12-31,23,KZ,100,494,CHZHAN Igor,rider/igor-chzhan,01-01,12-31,22,RU,116,444,SYRITSA Gleb,rider/gleb-syritsa,01-01,12-31,24,ES,19,1221,ROMO Javier,rider/javier-romo,01-01,12-31,22,KZ,82,567,BRUSSENSKIY Gleb,rider/gleb-brussenskiy,01-01,12-31,20,IT,0,,GAROFOLI Gianmarco,rider/gianmarco-garofoli,01-01,12-31,WT,29,1,23,KZ,4,1972,NURLYKHASSYM Nurbergen,rider/nurbergen-nurlykhassym,01-01,12-31,,,,,,,,,,,,,,,,,,,,,,,,
BOH,BOH,,2027 | BORA - hansgrohe,team/bora-hansgrohe-2027/overview/,2026 | BORA - hansgrohe,team/bora-hansgrohe-2026/overview/,2025 | BORA - hansgrohe,team/bora-hansgrohe-2025/overview/,2024 | BORA - hansgrohe,team/bora-hansgrohe-2024/overview/,2023 | BORA - hansgrohe,team/bora-hansgrohe-2023/overview/,2022 | BORA - hansgrohe,team/bora-hansgrohe-2022/overview/,2021 | BORA - hansgrohe,team/bora-hansgrohe-2021/overview/,2020 | BORA - hansgrohe,team/bora-hansgrohe-2020/overview/,2019 | BORA - hansgrohe,team/bora-hansgrohe-2019/overview/,2018 | BORA - hansgrohe,team/bora-hansgrohe-2018/overview/,2017 | BORA - hansgrohe,team/bora-hansgrohe-2017/overview/,2016 | Bora - Argon 18,team/bora-argon-18-2016/overview/,2015 | Bora - Argon 18,team/bora-argon-18-2015/overview/,2014 | Team NetApp - Endura,team/team-netapp-endura-2014/overview/,2013 | Team NetApp - Endura,team/team-netapp-endura-2013/overview/,2012 | Team NetApp,team/team-netapp-2012/overview/,2011 | Team NetApp,team/team-netapp-2011/overview/,2010 | Team NetApp,team/team-netapp-2010/overview/,,,,,,,,,,,,,,,,,,,,,,,,,,,,,,,,,BORA - hansgrohe,DE,team/bora-hansgrohe-2023,2308,10,32,IE,797,50,BENNETT Sam,rider/sam-bennett,01-01,12-31,29,NL,769,53,VAN POPPEL Danny,rider/danny-van-poppel,01-01,12-31,30,LU,559,94,JUNGELS Bob,rider/bob-jungels,01-01,12-31,26,RU,1500,9,VLASOV Aleksandr,rider/aleksandr-vlasov,01-01,12-31,31,AT,433,132,KONRAD Patrick,rider/patrick-konrad,01-01,12-31,29,DE,244,254,SCHACHMANN Maximilian,rider/maximilian-schachmann,01-01,12-31,30,DE,396,146,BUCHMANN Emanuel,rider/emanuel-buchmann,01-01,12-31,25,CO,950,35,HIGUITA Sergio,rider/sergio-higuita,01-01,12-31,26,AU,1185,17,HINDLEY Jai,rider/jai-hindley,01-01,12-31,29,DE,414,142,POLITT Nils,rider/nils-politt,01-01,12-31,31,AT,368,166,HALLER Marco,rider/marco-haller,01-01,12-31,26,DE,528,101,KÄMNA Lennard,rider/lennard-kamna,01-01,12-31,24,BE,601,85,MEEUS Jordi,rider/jordi-meeus,01-01,12-31,35,PL,56,705,BENEDETTI Cesare,rider/cesare-benedetti,01-01,12-31,29,DE,90,530,KOCH Jonas,rider/jonas-koch,01-01,12-31,23,IT,311,203,ALEOTTI Giovanni,rider/giovanni-aleotti,01-01,12-31,29,DE,95,512,DENZ Nico,rider/nico-denz,01-01,12-31,25,NL,168,337,SCHELLING Ide,rider/ide-schelling,01-01,12-31,28,IE,101,488,MULLEN Ryan,rider/ryan-mullen,01-01,12-31,27,IT,64,649,FABBRO Matteo,rider/matteo-fabbro,01-01,12-31,34,NZ,15,1305,ARCHBOLD Shane,rider/shane-archbold,01-01,12-31,20,BE,322.330000013113,193,UIJTDEBROEKS Cian,rider/cian-uijtdebroeks,01-01,12-31,24,GB,20,1192,WALLS Matthew,rider/matthew-walls,01-01,12-31,29,DE,203,292,ZWIEHOFF Ben,rider/ben-zwiehoff,01-01,12-31,26,AT,64,650,GAMPER Patrick,rider/patrick-gamper,01-01,12-31,21,DK,150,374,WANDAHL Frederik,rider/frederik-wandahl,01-01,12-31,28,FR,54,729,KORETZKY Victor,rider/victor-koretzky,01-01,12-31,30,DE,13,1417,PALZER Anton,rider/anton-palzer,01-01,12-31,22,DE,3,2082,LIPOWITZ Florian,rider/florian-lipowitz,01-01,12-31,WT,13,1,20,DE,5.8299999833106995,1826,LÜHRS Luis-Joe,rider/luis-joe-luhrs,01-01,12-31,,,,,,,,,,,,,,,,,,,,,,,,
COF,COF,,2025 | Cofidis,team/cofidis-2025/overview/,2024 | Cofidis,team/cofidis-2024/overview/,2023 | Cofidis,team/cofidis-2023/overview/,2022 | Cofidis,team/cofidis-2022/overview/,2021 | Cofidis,team/cofidis-2021/overview/,2020 | Cofidis,team/cofidis-2020/overview/,"2019 | Cofidis, Solutions Crédits",team/cofidis-solutions-credits-2019/overview/,"2018 | Cofidis, Solutions Crédits",team/cofidis-solutions-credits-2018/overview/,"2017 | Cofidis, Solutions Crédits",team/cofidis-solutions-credits-2017/overview/,"2016 | Cofidis, Solutions Crédits",team/cofidis-solutions-credits-2016/overview/,"2015 | Cofidis, Solutions Crédits",team/cofidis-solutions-credits-2015/overview/,"2014 | Cofidis, Solutions Crédits",team/cofidis-solutions-credits-2014/overview/,"2013 | Cofidis, Solutions Crédits",team/cofidis-solutions-credits-2013/overview/,"2012 | Cofidis, le Crédit en Ligne",team/cofidis-le-credit-en-ligne-2012/overview/,"2011 | Cofidis, le Crédit en Ligne",team/cofidis-le-credit-en-ligne-2011/overview/,"2010 | Cofidis, le Crédit en Ligne",team/cofidis-le-credit-en-ligne-2010/overview/,"2009 | Cofidis, le Crédit en Ligne",team/cofidis-le-credit-en-ligne-2009/overview/,"2008 | Cofidis, le Crédit par Téléphone",team/cofidis-le-credit-par-telephone-2008/overview/,"2007 | Cofidis, le Crédit par Téléphone",team/cofidis-le-credit-par-telephone-2007/overview/,"2006 | Cofidis, le Crédit par Téléphone",team/cofidis-le-credit-par-telephone-2006/overview/,"2005 | Cofidis, le Crédit par Téléphone",team/cofidis-le-credit-par-telephone-2005/overview/,"2004 | Cofidis, le Crédit par Téléphone",team/cofidis-le-credit-par-telephone-2004/overview/,2003 | Cofidis,team/cofidis-2003/overview/,2002 | Cofidis,team/cofidis-2002/overview/,2001 | Cofidis,team/cofidis-2001/overview/,2000 | Cofidis,team/cofidis-2000/overview/,1999 | Cofidis,team/cofidis-1999/overview/,1998 | Cofidis,team/cofidis-1998/overview/,1997 | Cofidis,team/cofidis-1997/overview/,,,,,,,,,,,Cofidis,FR,team/cofidis-2023,1745,14,34,ES,436,131,IZAGIRRE Ion,rider/ion-izagirre,01-01,12-31,30,FR,586,91,COQUARD Bryan,rider/bryan-coquard,01-01,12-31,29,FR,699,67,MARTIN Guillaume,rider/guillaume-martin,01-01,12-31,32,ES,748,57,HERRADA Jesús,rider/jesus-herrada-lopez,01-01,12-31,37,DE,354,178,GESCHKE Simon,rider/simon-geschke,01-01,12-31,33,IT,84,556,CIMOLAI Davide,rider/davide-cimolai,01-01,12-31,29,DE,206,287,WALSCHEID Max,rider/max-walscheid,01-01,12-31,28,IT,516,104,CONSONNI Simone,rider/simone-consonni,01-01,12-31,37,ES,40,857,HERRADA José,rider/jose-herrada,01-01,12-31,33,BE,8,1608,WALLAYS Jelle,rider/jelle-wallays,01-01,12-31,32,ES,136,399,FERNÁNDEZ Rubén,rider/ruben-fernandez,01-01,12-31,36,FR,79,578,PÉRICHON Pierre-Luc,rider/pierre-luc-perichon,01-01,12-31,27,FR,602,83,THOMAS Benjamin,rider/benjamin-thomas-2,01-01,12-31,28,BE,427,134,ALLEGAERT Piet,rider/piet-allegaert,01-01,12-31,29,ES,268,235,LASTRA Jonathan,rider/jonathan-lastra,01-01,12-31,31,FR,361,175,PEREZ Anthony,rider/anthony-perez,01-01,12-31,24,FR,812,48,ZINGLE Axel,rider/axel-zingle,01-01,12-31,32,NL,68,625,KREDER Wesley,rider/wesley-kreder,01-01,12-31,28,BE,135,401,NOPPE Christophe,rider/christophe-noppe,01-01,12-31,27,FR,275,231,LAFAY Victor,rider/victor-lafay,01-01,12-31,26,FR,163,345,ROCHAS Rémy,rider/remy-rochas,01-01,12-31,31,FR,16,1281,BIDARD François,rider/francois-bidard,01-01,12-31,23,FR,129,416,RENARD Alexis,rider/alexis-renard,01-01,12-31,25,FR,52,746,DELETTRE Alexandre,rider/alexandre-delettre,01-01,12-31,25,FR,101,490,FINÉ Eddy,rider/eddy-fine,01-01,12-31,25,PT,20,1185,CARVALHO Andre,rider/andre-carvalho,01-01,12-31,23,FR,40,864,CHAMPION Thomas,rider/thomas-champion,01-01,12-31,24,FR,69,622,MARIAULT Axel,rider/axel-mariault,01-01,12-31,21,FR,22,1157,TOUMIRE Hugo,rider/hugo-toumire,01-01,12-31,WT,15,5,22,GB,15,1350,WOOD Harrison,rider/harrison-wood,01-01,12-31,,,,,,,,,,,,,,,,,,,,,,,,
DSM,DSM,,2027 | Team DSM,team/team-dsm-2027/overview/,2026 | Team DSM,team/team-dsm-2026/overview/,2025 | Team DSM,team/team-dsm-2025/overview/,2024 | Team DSM,team/team-dsm-2024/overview/,2023 | Team DSM,team/team-dsm-2023/overview/,2022 | Team DSM,team/team-dsm-2022/overview/,2021 | Team DSM,team/team-dsm-2021/overview/,2020 | Team Sunweb,team/team-sunweb-2020/overview/,2019 | Team Sunweb,team/team-sunweb-2019/overview/,2018 | Team Sunweb,team/team-sunweb-2018/overview/,2017 | Team Sunweb,team/team-sunweb-2017/overview/,2016 | Team Giant - Alpecin,team/team-giant-alpecin-2016/overview/,2015 | Team Giant - Alpecin,team/team-giant-alpecin-2015/overview/,2014 | Team Giant - Shimano,team/team-giant-shimano-2014/overview/,2013 | Team Argos - Shimano,team/team-argos-shimano-2013/overview/,2012 | Argos - Shimano,team/argos-shimano-2012/overview/,2012 | Project 1t4i,team/project-1t4i-2012/overview/,2011 | Skil - Shimano,team/skil-shimano-2011/overview/,2010 | Skil - Shimano,team/skil-shimano-2010/overview/,2009 | Skil - Shimano,team/skil-shimano-2009/overview/,2008 | Skil - Shimano,team/skil-shimano-2008/overview/,2007 | Skil - Shimano,team/skil-shimano-2007/overview/,2006 | Skil - Shimano,team/skil-shimano-2006/overview/,2005 | Shimano - Memory Corp,team/shimano-memory-corp-2005/overview/,,,,,,,,,,,,,,,,,,,,,Team DSM,NL,team/team-dsm-2023,1525,17,34,DE,224,273,DEGENKOLB John,rider/john-degenkolb,01-01,12-31,32,FR,1010,29,BARDET Romain,rider/romain-bardet,01-01,12-31,32,NZ,292,216,BEVIN Patrick,rider/patrick-bevin,01-01,12-31,25,IT,441,129,DAINESE Alberto,rider/alberto-dainese,01-01,12-31,23,NO,472,115,LEKNESSUND Andreas,rider/andreas-leknessund,01-01,12-31,27,AU,110,465,HAMILTON Chris,rider/chris-hamilton,01-01,12-31,25,BE,354,179,VANHOUCKE Harm,rider/harm-vanhoucke,01-01,12-31,31,FR,65,641,COMBAUD Romain,rider/romain-combaud,01-01,12-31,29,NL,112,453,TUSVELD Martijn,rider/martijn-tusveld,01-01,12-31,29,AU,50,756,EDMONDSON Alex,rider/alexander-edmondson,01-01,12-31,25,NL,55,718,EEKHOFF Nils,rider/nils-eekhoff,01-01,12-31,27,AU,455,123,WELSFORD Sam,rider/sam-welsford,01-01,12-31,22,DE,267,238,MAYRHOFER Marius,rider/marius-mayrhofer,01-01,12-31,21,NL,220,279,VAN UDEN Casper,rider/casper-van-uden,01-01,12-31,22,US,148,379,VERMAERKE Kevin,rider/kevin-vermaerke,01-01,12-31,20,GB,171,332,ONLEY Oscar,rider/oscar-onley,01-01,12-31,22,BE,50,763,VANDENABEELE Henri,rider/henri-vandenabeele,01-01,12-31,24,DE,19,1217,MÄRKL Niklas,rider/niklas-markl,01-01,12-31,20,DE,129,417,BRENNER Marco,rider/marco-brenner,01-01,12-31,20,CZ,109,470,BITTNER Pavel,rider/pavel-bittner,01-01,12-31,24,NO,25,1097,HVIDEBERG Jonas Iversby,rider/jonas-iversby-hvideberg,01-01,12-31,25,DE,20,1193,STORK Florian,rider/florian-stork,01-01,12-31,23,GB,64,652,FLYNN Sean,rider/sean-flynn,01-01,12-31,22,AU,94,517,DINHAM Matthew,rider/matthew-dinham,01-01,12-31,20,DK,75,594,ANDRESEN Tobias Lund,rider/tobias-lund-andresen,01-01,12-31,20,GB,86,546,POOLE Max,rider/max-poole,01-01,12-31,23,DE,10,1526,HEINSCHKE Leon,rider/leon-heinschke,01-01,12-31,25,DK,0,,RODENBERG Frederik,rider/frederik-rodenberg,01-01,12-31,21,IT,22,1162,MILESI Lorenzo,rider/lorenzo-milesi,01-01,12-31,WT,18,4,23,NL,10,1525,NABERMAN Tim,rider/tim-naberman,01-01,12-31,,,,,,,,,,,,,,,,,,,,,,,,
EFE,EFE,,2025 | EF Education-EasyPost,team/ef-education-easypost-2025/overview/,2024 | EF Education-EasyPost,team/ef-education-easypost-2024/overview/,2023 | EF Education-EasyPost,team/ef-education-easypost-2023/overview/,2022 | EF Education-EasyPost,team/ef-education-easypost-2022/overview/,2021 | EF Education - Nippo,team/ef-education-nippo-2021/overview/,2020 | EF Pro Cycling,team/ef-pro-cycling-2020/overview/,2019 | EF Education First,team/ef-education-first-2019/overview/,2018 | Team EF Education First-Drapac p/b Cannondale,team/team-ef-education-first-drapac-p-b-cannondale-2018/overview/,2017 | Cannondale-Drapac Pro Cycling Team,team/cannondale-drapac-pro-cycling-team-2017/overview/,2016 | Cannondale-Drapac Pro Cycling Team,team/cannondale-drapac-pro-cycling-team-2016/overview/,2016 | Cannondale Pro Cycling Team,team/cannondale-pro-cycling-team-2016/overview/,2015 | Team Cannondale - Garmin ,team/team-cannondale-garmin-2015/overview/,2014 | Garmin Sharp,team/garmin-sharp-2014/overview/,2013 | Garmin Sharp,team/garmin-sharp-2013/overview/,2012 | Team Garmin - Barracuda,team/team-garmin-barracuda-2012/overview/,2012 | Garmin Sharp,team/garmin-sharp-2012/overview/,2011 | Team Garmin - Cervélo,team/team-garmin-cervelo-2011/overview/,2010 | Team Garmin - Transitions,team/team-garmin-transitions-2010/overview/,2009 | Team Garmin - Slipstream,team/team-garmin-slipstream-2009/overview/,2008 | Team Garmin - Chipotle,team/team-garmin-chipotle-2008/overview/,2008 | Slipstream - Chipotle presented by H3O,team/slipstream-chipotle-presented-by-h3o-2008/overview/,2007 | Team Slipstream,team/team-slipstream-2007/overview/,2006 | Team TIAA - CREF,team/team-tiaa-cref-2006/overview/,2005 | Team TIAA - CREF,team/team-tiaa-cref-2005/overview/,2004 | Team TIAA - CREF,team/team-tiaa-cref-2004/overview/,,,,,,,,,,,,,,,,,,,EF Education-EasyPost,US,team/ef-education-easypost-2023,2543,6,36,CO,647,72,URÁN Rigoberto,rider/rigoberto-uran,01-01,12-31,29,EC,977,33,CARAPAZ Richard,rider/richard-carapaz,01-01,12-31,33,CO,518,103,CHAVES Esteban,rider/johan-esteban-chaves,01-01,12-31,30,DK,621,81,CORT Magnus,rider/magnus-cort-nielsen,01-01,12-31,34,BE,73,599,KEUKELEIRE Jens,rider/jens-keukeleire,01-01,12-31,28,GB,587,90,CARTHY Hugh,rider/hugh-carthy,01-01,12-31,29,IT,579,92,BETTIOL Alberto,rider/alberto-bettiol,01-01,12-31,26,US,1324,13,POWLESS Neilson,rider/neilson-powless,01-01,12-31,36,CR,57,700,AMADOR Andrey,rider/andrey-amador,01-01,12-31,29,ER,88,538,KUDUS Merhawi,rider/merhawi-kudus,01-01,12-31,28,NO,162,346,EIKING Odd Christian,rider/odd-christian-eiking,01-01,12-31,26,DK,285,222,HONORÉ Mikkel Frølich,rider/mikkel-honore,01-01,12-31,29,GB,115,445,DOULL Owain,rider/owain-doull,01-01,12-31,26,UA,146,382,PADUN Mark,rider/mark-padun,01-01,12-31,24,CH,261.67000007629395,242,BISSEGGER Stefan,rider/stefan-bissegger,01-01,12-31,31,PL,46,784,WIŚNIOWSKI Łukasz,rider/lukasz-wisniowski,01-01,12-31,29,EC,88,539,CAICEDO Jonathan Klever,rider/jonathan-klever-caicedo,01-01,12-31,26,ZA,266,239,DE BOD Stefan,rider/stefan-de-bod,01-01,12-31,23,NL,370,164,VAN DEN BERG Marijn,rider/marijn-van-den-berg,01-01,12-31,26,GB,223,276,SHAW James,rider/james-shaw,01-01,12-31,33,NZ,36,895,SCULLY Tom,rider/thomas-scully,01-01,12-31,22,IT,455,124,PICCOLO Andrea,rider/andrea-piccolo,01-01,12-31,25,DE,123,430,RUTSCH Jonas,rider/jonas-rutsch,01-01,12-31,24,EC,171,331,CEPEDA Jefferson Alexander,rider/jefferson-alexander-cepeda,01-01,12-31,26,NL,80,576,VAN DEN BERG Julius,rider/julius-van-den-berg,01-01,12-31,22,IE,323,192,HEALY Ben,rider/ben-healy,01-01,12-31,24,GB,77,586,CARR Simon,rider/simon-carr,01-01,12-31,22,US,196,304,QUINN Sean,rider/sean-quinn,01-01,12-31,21,DE,62.8299999833107,656,STEINHAUSER Georg,rider/georg-steinhauser,01-01,12-31,WT,10,13,24,CO,46,795,CAMARGO Diego Andrés,rider/diego-andres-camargo,01-01,12-31,,,,,,,,,,,,,,,,,,,,,,,,
ICW,ICW,,2026 | Intermarché - Circus - Wanty,team/intermarche-circus-wanty-2026/overview/,2025 | Intermarché - Circus - Wanty,team/intermarche-circus-want-2025/overview/,2024 | Intermarché - Circus - Wanty,team/intermarche-circus-want-2024/overview/,2023 | Intermarché - Circus - Wanty,team/intermarche-circus-wanty-2023/overview/,2022 | Intermarché - Wanty - Gobert Matériaux,team/intermarche-wanty-gobert-materiaux-2022/overview/,2021 | Intermarché - Wanty - Gobert Matériaux,team/intermarche-wanty-gobert-materiaux-2021/overview/,2020 | Circus - Wanty Gobert,team/circus-wanty-gobert-2020/overview/,2019 | Wanty - Gobert Cycling Team,team/wanty-gobert-cycling-team-2019/overview/,2018 | Wanty - Groupe Gobert,team/wanty-groupe-gobert-2018/overview/,2017 | Wanty - Groupe Gobert,team/wanty-groupe-gobert-2017/overview/,2016 | Wanty - Groupe Gobert,team/wanty-groupe-gobert-2016/overview/,2015 | Wanty - Groupe Gobert,team/wanty-groupe-gobert-2015/overview/,2014 | Wanty - Groupe Gobert,team/wanty-groupe-gobert-2014/overview/,2013 | Accent.jobs – Wanty,team/accent.jobs-wanty-2013/overview/,2012 | Accent.jobs – Willems Veranda’s,team/accent.jobs-willems-veranda-s-2012/overview/,2011 | Veranda's Willems - Accent,team/veranda-s-willems-accent-2011/overview/,2010 | Verandas Willems ,team/verandas-willems-2010/overview/,2009 | Willems Verandas,team/willems-verandas-2009/overview/,,,,,,,,,,,,,,,,,,,,,,,,,,,,,,,,,Intermarché - Circus - Wanty,BE,team/intermarche-circus-wanty-2023,2793,5,36,PT,601,84,COSTA Rui,rider/rui-costa,01-01,12-31,35,EE,246,253,TAARAMÄE Rein,rider/rein-taaramae,01-01,12-31,31,ZA,894,38,MEINTJES Louis,rider/louis-meintjes,01-01,12-31,34,BE,169,334,PLANCKAERT Baptiste,rider/baptiste-planckaert,01-01,12-31,30,NL,319,195,TEUNISSEN Mike,rider/mike-teunissen,01-01,12-31,29,IT,113,450,BONIFAZIO Niccolò,rider/niccolo-bonifazio,01-01,12-31,30,FR,182,316,CALMEJANE Lilian,rider/lilian-calmejane,01-01,12-31,32,FR,153,368,PETIT Adrien,rider/adrien-petit,01-01,12-31,30,NZ,175,325,SMITH Dion,rider/dion-smith,01-01,12-31,22,ER,763,55,GIRMAY Biniam,rider/biniam-girmay,01-01,12-31,27,IT,873,45,ROTA Lorenzo,rider/lorenzo-rota,01-01,12-31,29,BE,287,220,VLIEGEN Loïc,rider/loic-vliegen,01-01,12-31,29,NL,372,159,VAN DER HOORN Taco,rider/taco-van-der-hoorn,01-01,12-31,35,NL,24,1107,VAN POPPEL Boy,rider/boy-van-poppel,01-01,12-31,31,NO,225,270,BYSTRØM Sven Erik,rider/sven-erik-bystrom,01-01,12-31,28,BE,63,653,DE GENDT Aimé,rider/aime-de-gendt,01-01,12-31,24,BE,663,70,THIJSSEN Gerben,rider/gerben-thijssen,01-01,12-31,25,DE,363,171,ZIMMERMANN Georg,rider/georg-zimmermann,01-01,12-31,29,IT,30,979,PETILLI Simone,rider/simone-petilli,01-01,12-31,26,BE,303,209,GOOSSENS Kobe,rider/kobe-goossens,01-01,12-31,24,BE,204,291,HERREGODTS Rune,rider/rune-herregodts,01-01,12-31,24,BE,107,473,MARIT Arne,rider/arne-marit,01-01,12-31,21,FR,380,157,PAGE Hugo,rider/hugo-page,01-01,12-31,24,BE,104,478,HUYS Laurens,rider/laurens-huys,01-01,12-31,23,DK,78,582,JOHANSEN Julius,rider/julius-johansen,01-01,12-31,19,EE,197,303,MIHKELS Madis,rider/madis-mihkels,01-01,12-31,23,BE,69,623,REX Laurenz,rider/laurenz-rex,01-01,12-31,23,BE,31,965,PAQUOT Tom,rider/tom-paquot,01-01,12-31,20,BE,10,1544,DE POOTER Dries,rider/dries-de-pooter,01-01,12-31,WT,5,8,,,,,,,,,,,,,,,,,,,,,,,,,,,,,,,,
IGD,IGD,,2027 | INEOS Grenadiers,team/ineos-grenadiers-2027/overview/,2026 | INEOS Grenadiers,team/ineos-grenadiers-2026/overview/,2025 | INEOS Grenadiers,team/ineos-grenadiers-2025/overview/,2024 | INEOS Grenadiers,team/ineos-grenadiers-2024/overview/,2023 | INEOS Grenadiers,team/ineos-grenadiers-2023/overview/,2022 | INEOS Grenadiers,team/ineos-grenadiers-2022/overview/,2021 | INEOS Grenadiers,team/ineos-grenadiers-2021/overview/,2020 | INEOS Grenadiers,team/ineos-grenadiers-2020/overview/,2020 | Team INEOS,team/team-ineos-2020/overview/,2019 | Team Sky,team/team-sky-2019/overview/,2019 | Team INEOS,team/team-ineos-2019/overview/,2018 | Team Sky,team/team-sky-2018/overview/,2017 | Team Sky,team/team-sky-2017/overview/,2016 | Team Sky,team/team-sky-2016/overview/,2015 | Team Sky,team/team-sky-2015/overview/,2014 | Team Sky,team/team-sky-2014/overview/,2013 | Sky Procycling,team/sky-procycling-2013/overview/,2012 | Sky Procycling,team/sky-procycling-2012/overview/,2011 | Sky Procycling,team/sky-procycling-2011/overview/,2010 | Sky Procycling,team/sky-procycling-2010/overview/,,,,,,,,,,,,,,,,,,,,,,,,,,,,,INEOS Grenadiers,GB,team/ineos-grenadiers-2023,3232,4,34,IT,208,284,VIVIANI Elia,rider/elia-viviani,01-01,12-31,32,PL,272,232,KWIATKOWSKI Michał,rider/michal-kwiatkowski,01-01,12-31,36,GB,991,31,THOMAS Geraint,rider/geraint-thomas,01-01,12-31,26,CO,7,1701,BERNAL Egan,rider/egan-bernal,01-01,12-31,35,GB,99,495,SWIFT Ben,rider/ben-swift,01-01,12-31,35,ES,152,371,CASTROVIEJO Jonathan,rider/jonathan-castroviejo,01-01,12-31,26,CO,1143,21,MARTÍNEZ Daniel Felipe,rider/daniel-felipe-martinez,01-01,12-31,27,GB,771,51,GEOGHEGAN HART Tao,rider/tao-geoghegan-hart,01-01,12-31,26,IT,900.329999923706,37,GANNA Filippo,rider/filippo-ganna,01-01,12-31,25,FR,729,62,SIVAKOV Pavel,rider/pavel-sivakov,01-01,12-31,24,GB,881,41,HAYTER Ethan,rider/ethan-hayter,01-01,12-31,23,GB,1089,22,PIDCOCK Thomas,rider/thomas-pidcock,01-01,12-31,33,GB,55,715,ROWE Luke,rider/luke-rowe,01-01,12-31,32,ES,159,348,FRAILE Omar,rider/omar-fraile,01-01,12-31,22,ES,878,44,RODRÍGUEZ Carlos,rider/carlos-rodriguez-cano,01-01,12-31,26,EC,278,227,NARVÁEZ Jhonatan,rider/jhonatan-narvaez,01-01,12-31,23,NL,945,36,ARENSMAN Thymen,rider/thymen-arensman,01-01,12-31,27,BE,57,701,DE PLUS Laurens,rider/laurens-de-plus,01-01,12-31,33,IT,40,858,PUCCIO Salvatore,rider/salvatore-puccio,01-01,12-31,27,GB,187,310,SWIFT Connor,rider/connor-swift,01-01,12-31,20,US,743,58,SHEFFIELD Magnus,rider/magnus-sheffield,01-01,12-31,39,AU,22,1143,WURF Cameron,rider/cameron-wurf,01-01,12-31,22,AU,552.6699999570847,95,PLAPP Luke,rider/luke-plapp,01-01,12-31,21,GB,309,205,TULETT Ben,rider/ben-tulett,01-01,12-31,23,GB,476,113,TURNER Ben,rider/ben-turner,01-01,12-31,27,CO,125,422,RIVERA Brandon Smith,rider/brandon-smith-rivera-vargas,01-01,12-31,23,DE,85,553,HEIDUK Kim,rider/kim-heiduk,01-01,12-31,21,GB,107,474,HAYTER Leo,rider/leo-hayter,01-01,12-31,19,GB,29,1019,TARLING Joshua,rider/joshua-tarling,01-01,12-31,WT,3,8,19,CA,0,,LEONARD Michael,rider/michael-leonard1,01-01,12-31,,,,,,,,,,,,,,,,,,,,,,,,
JAY,JAY,,2025 | Team Jayco AlUla,team/team-jayco-alula-2025/overview/,2024 | Team Jayco AlUla,team/team-jayco-alula-2024/overview/,2023 | Team Jayco AlUla,team/team-jayco-alula-2023/overview/,2022 | Team BikeExchange - Jayco,team/team-bikeexchange-jayco-2022/overview/,2021 | Team BikeExchange,team/team-bikeexchange-2021/overview/,2020 | Mitchelton-Scott,team/mitchelton-scott-2020/overview/,2019 | Mitchelton-Scott,team/mitchelton-scott-2019/overview/,2018 | Mitchelton-Scott,team/mitchelton-scott-2018/overview/,2017 | ORICA-Scott,team/orica-scott-2017/overview/,2016 | ORICA-BikeExchange,team/orica-bikeexchange-2016/overview/,2016 | Orica GreenEDGE,team/orica-greenedge-2016/overview/,2015 | Orica GreenEDGE,team/orica-greenedge-2015/overview/,2014 | Orica GreenEDGE,team/orica-greenedge-2014/overview/,2013 | Orica GreenEDGE,team/orica-greenedge-2013/overview/,2012 | Orica GreenEDGE,team/orica-greenedge-2012/overview/,,,,,,,,,,,,,,,,,,,,,,,,,,,,,,,,,,,,,,,Team Jayco AlUla,AU,team/team-jayco-alula-2023,1527,18,32,AU,1058.6699999570847,26,MATTHEWS Michael,rider/michael-matthews,01-01,12-31,30,GB,1002,30,YATES Simon,rider/simon-yates,01-01,12-31,29,NL,1011,28,GROENEWEGEN Dylan,rider/dylan-groenewegen,01-01,12-31,37,CZ,156,360,ŠTYBAR Zdeněk,rider/zdenek-stybar,01-01,12-31,34,SI,207,285,MEZGEC Luka,rider/luka-mezgec,01-01,12-31,31,AU,116.66999995708466,440,DURBRIDGE Luke,rider/luke-durbridge,01-01,12-31,36,IT,116,441,DE MARCHI Alessandro,rider/alessandro-de-marchi,01-01,12-31,33,DK,60,674,JUUL-JENSEN Christopher,rider/christopher-juul-jensen,01-01,12-31,27,AU,242,256,HAMILTON Lucas,rider/lucas-hamilton,01-01,12-31,31,US,123,429,CRADDOCK Lawson,rider/lawson-craddock,01-01,12-31,29,NO,35,912,JANSEN Amund Grøndahl,rider/amund-grondahl-jansen,01-01,12-31,26,IE,145,385,DUNBAR Eddie,rider/edward-irl-dunbar,01-01,12-31,31,ET,54,723,GRMAY Tsgabu,rider/tsgabu-gebremaryam-grmay,01-01,12-31,31,AU,128,418,HEPBURN Michael,rider/michael-hepburn,01-01,12-31,31,AT,41,842,PÖSTLBERGER Lukas,rider/lukas-postlberger,01-01,12-31,28,AU,143,388,HARPER Chris,rider/chris-harper,01-01,12-31,25,IT,380.32999992370605,156,SOBRERO Matteo,rider/matteo-sobrero,01-01,12-31,24,IT,287,221,ZANA Filippo,rider/filippo-zana,01-01,12-31,31,NL,87,542,REINDERS Elmar,rider/elmar-reinders,01-01,12-31,23,IT,122,432,COLLEONI Kevin,rider/kevin-colleoni,01-01,12-31,26,AU,102,484,SCOTSON Callum,rider/callum-scotson,01-01,12-31,27,NL,80,575,MAAS Jan,rider/jan-maas,01-01,12-31,22,DE,197.8299999833107,302,ENGELHARDT Felix,rider/felix-engelhardt,01-01,12-31,24,AU,135,403,O'BRIEN Kelland,rider/kelland-brien,01-01,12-31,22,CH,89,535,BALMER Alexandre,rider/alexandre-balmer,01-01,12-31,24,NZ,26,1068,STEWART Campbell,rider/campbell-stewart,01-01,12-31,23,AU,17,1265,QUICK Blake,rider/blake-quick,01-01,12-31,22,AU,30,993,PORTER Rudy,rider/rudy-porter,01-01,12-31,22,CO,5,1893,PEÑA Jesús David,rider/jesus-david-pena-jimenez,01-01,12-31,WT,17,4,21,ET,8,1635,BERHE Welay Hagos,rider/welay-hagos-berhe,01-01,12-31,,,,,,,,,,,,,,,,,,,,,,,,
MOV,MOV,,2025 | Movistar Team,team/movistar-team-2025/overview/,2024 | Movistar Team,team/movistar-team-2024/overview/,2023 | Movistar Team,team/movistar-team-2023/overview/,2022 | Movistar Team,team/movistar-team-2022/overview/,2021 | Movistar Team,team/movistar-team-2021/overview/,2020 | Movistar Team,team/movistar-team-2020/overview/,2019 | Movistar Team,team/movistar-team-2019/overview/,2018 | Movistar Team,team/movistar-team-2018/overview/,2017 | Movistar Team,team/movistar-team-20172/overview/,2016 | Movistar Team,team/movistar-team-20162/overview/,2015 | Movistar Team,team/movistar-team-20152/overview/,2014 | Movistar Team,team/movistar-team-2014/overview/,2013 | Movistar Team,team/movistar-team-2013/overview/,2012 | Movistar Team,team/movistar-team-2012/overview/,2011 | Movistar Team,team/movistar-team-2011/overview/,2010 | Caisse d'Epargne,team/caisse-d-epargne-2010/overview/,2009 | Caisse d'Epargne,team/caisse-d-epargne-2009/overview/,2008 | Caisse d'Epargne,team/caisse-d-epargne-2008/overview/,2007 | Caisse d'Epargne,team/caisse-d-epargne-2007/overview/,2006 | Caisse d'Epargne - Illes Balears,team/caisse-d-epargne-illes-balears-2006/overview/,2005 | Illes Balears - Caisse d'Epargne,team/illes-balears-caisse-d-epargne-2005/overview/,2004 | Illes Balears - Banesto,team/illes-balears-banesto-2004/overview/,2003 | iBanesto.com,team/ibanesto.com-2003/overview/,2002 | iBanesto.com,team/ibanesto.com-2002/overview/,2001 | iBanesto.com,team/ibanesto.com-2001/overview/,2000 | Banesto,team/banesto-2000/overview/,1999 | Banesto,team/banesto-1999/overview/,1998 | Banesto,team/banesto-1998/overview/,1997 | Banesto,team/banesto-1997/overview/,1996 | Banesto,team/banesto-1996/overview/,1995 | Banesto,team/banesto-1995/overview/,1994 | Banesto,team/banesto-1994/overview/,1993 | Banesto,team/banesto-1993/overview/,1992 | Banesto,team/banesto-1992/overview/,Movistar Team,ES,team/movistar-team-2023,2354,9,37,ES,143,387,ROJAS José Joaquín,rider/jose-joaquin-rojas,01-01,12-31,28,ES,1349,12,MAS Enric,rider/enric-mas,01-01,12-31,28,CO,632,79,GAVIRIA Fernando,rider/fernando-gaviria,01-01,12-31,35,ES,200,296,IZAGIRRE Gorka,rider/gorka-izagirre,01-01,12-31,34,PT,152,370,OLIVEIRA Nelson,rider/nelson-oliveira,01-01,12-31,28,PT,701,66,GUERREIRO Ruben,rider/ruben-guerreiro,01-01,12-31,27,ES,552,96,ARANBURU Alex,rider/alex-aranburu,01-01,12-31,27,ES,570,93,GARCÍA CORTINA Iván,rider/ivan-garcia-cortina,01-01,12-31,39,ES,25,1080,ERVITI Imanol,rider/imanol-erviti,01-01,12-31,25,CO,427,135,SOSA Iván Ramiro,rider/ivan-ramiro-sosa,01-01,12-31,30,ES,370,162,VERONA Carlos,rider/carlos-verona,01-01,12-31,28,AT,131,410,MÜHLBERGER Gregor,rider/gregor-muhlberger,01-01,12-31,31,ES,317,199,PEDRERO Antonio,rider/antonio-pedrero,01-01,12-31,23,US,723,63,JORGENSON Matteo,rider/matteo-jorgenson,01-01,12-31,28,ES,340,185,SERRANO Gonzalo,rider/gonzalo-serrano,01-01,12-31,27,ES,149,376,RODRÍGUEZ Óscar,rider/oscar-rodriguez,01-01,12-31,25,DE,371,161,KANTER Max,rider/max-kanter,01-01,12-31,25,CO,461,120,RUBIO Einer Augusto,rider/einer-augusto-rubio-reyes,01-01,12-31,33,ES,53,734,MAS Lluís,rider/lluis-guillermo-mas,01-01,12-31,25,DK,72,606,NORSGAARD Mathias,rider/mathias-norsgaard,01-01,12-31,27,US,111,459,BARTA Will,rider/william-barta,01-01,12-31,30,ES,80,574,ARCAS Jorge,rider/jorge-arcas,01-01,12-31,32,ES,45,797,TORRES Albert,rider/albert-torres,01-01,12-31,27,ES,15,1327,SAMITIER Sergio,rider/sergio-samitier,01-01,12-31,22,PR,51,755,GONZÁLEZ Abner,rider/abner-gonzalez-rivera,01-01,12-31,23,ES,157,357,LAZKANO Oier,rider/oier-lazkano,01-01,12-31,26,CH,68,628,JACOBS Johan,rider/johan-jacobs,01-01,12-31,23,DE,27,1055,HOLLMANN Juri,rider/juri-hollmann,01-01,12-31,21,BR,32,956,RANGEL Vinicius,rider/vinicius-rangel-costa,01-01,12-31,WT,11,6,19,ES,17,1277,ROMEO Iván,rider/ivan-romeo,01-01,12-31,1991 | Banesto,team/banesto-1991/overview/,1990 | Banesto,team/banesto-1990/overview/,1989 | Reynolds - Banesto,team/reynolds-banesto-1989/overview/,1988 | Reynolds,team/reynolds-1988/overview/,1987 | Reynolds - Seur,team/reynolds-1987/overview/,1986 | Reynolds,team/reynolds-1986/overview/,1985 | Reynolds,team/reynolds-1985/overview/,1984 | Reynolds,team/reynolds-1984/overview/,1983 | Reynolds,team/reynolds-1983/overview/,1982 | Reynolds - Galli,team/reynolds-galli-1982/overview/,1981 | Reynolds - Galli ,team/reynolds-galli-1981/overview/,1980 | Reynolds - Benotto ,team/reynolds-benotto-1980/overview/
SOQ,SOQ,,2027 | Soudal - Quick Step,team/soudal-quick-step-2027/overview/,2026 | Soudal - Quick Step,team/soudal-quick-step-2026/overview/,2025 | Soudal - Quick Step,team/soudal-quick-step-2025/overview/,2024 | Soudal - Quick Step,team/soudal-quick-step-2024/overview/,2023 | Soudal - Quick Step,team/soudal-quick-step-2023/overview/,2022 | Quick-Step Alpha Vinyl Team,team/quick-step-alpha-vinyl-2022/overview/,2021 | Deceuninck - Quick Step,team/deceuninck-quick-step-2021/overview/,2020 | Deceuninck - Quick Step,team/deceuninck-quick-step-2020/overview/,2019 | Deceuninck - Quick Step,team/deceuninck-quick-step-2019/overview/,2018 | Quick-Step Floors,team/quick-step-floors-2018/overview/,2017 | Quick-Step Floors,team/quick-step-floors-2017/overview/,2016 | Etixx - Quick Step,team/etixx-quick-step-2016/overview/,2015 | Etixx - Quick Step,team/etixx-quick-step-2015/overview/,2014 | Omega Pharma - Quick-Step,team/omega-pharma-quick-step-2014/overview/,2013 | Omega Pharma - Quick-Step,team/omega-pharma-quick-step-2013/overview/,2012 | Omega Pharma - Quick-Step,team/omega-pharma-quick-step-2012/overview/,2011 | Quickstep Cycling Team,team/quickstep-cycling-team-2011/overview/,2010 | Quickstep - Innergetic,team/quickstep-innergetic-2010/overview/,2009 | Quickstep - Innergetic,team/quickstep-innergetic-2009/overview/,2008 | Quickstep - Innergetic,team/quickstep-innergetic-2008/overview/,2007 | Quickstep - Innergetic,team/quickstep-innergetic-2007/overview/,2006 | Quickstep - Innergetic,team/quickstep-innergetic-2006/overview/,2005 | Quickstep - Innergetic,team/quickstep-innergetic-2005/overview/,2004 | Quickstep - Davitamon,team/quickstep-davitamon-2004/overview/,2003 | Quickstep - Davitamon,team/quickstep-davitamon-2003/overview/,,,,,,,,,,,,,,,,,,,Soudal - Quick Step,BE,team/soudal-quick-step-2023,3630,3,30,FR,531,100,ALAPHILIPPE Julian,rider/julian-alaphilippe,01-01,12-31,23,BE,3085,2,EVENEPOEL Remco,rider/remco-evenepoel,01-01,12-31,31,BE,542,97,LAMPAERT Yves,rider/yves-lampaert,01-01,12-31,39,BE,64,647,DEVENYNS Dries,rider/dries-devenyns,01-01,12-31,29,FR,341,184,SÉNÉCHAL Florian,rider/florian-senechal,01-01,12-31,30,BE,760,56,MERLIER Tim,rider/tim-merlier,01-01,12-31,26,NL,770,52,JAKOBSEN Fabio,rider/fabio-jakobsen,01-01,12-31,28,DK,110,464,ASGREEN Kasper,rider/kasper-asgreen,01-01,12-31,37,DK,62,659,MØRKØV Michael,rider/michael-morkov,01-01,12-31,29,IT,90,531,MASNADA Fausto,rider/fausto-masnada,01-01,12-31,32,IT,98,500,CATTANEO Mattia,rider/mattia-cattaneo,01-01,12-31,34,BE,95,514,SERRY Pieter,rider/pieter-serry,01-01,12-31,28,IT,422,140,BALLERINI Davide,rider/davide-ballerini,01-01,12-31,27,FR,382,155,CAVAGNA Rémi,rider/remi-cavagna,01-01,12-31,32,CZ,390,150,HIRT Jan,rider/jan-hirt,01-01,12-31,29,CZ,156,361,ČERNÝ Josef,rider/josef-cerny,01-01,12-31,30,BE,106,476,VAN LERBERGHE Bert,rider/bert-van-lerberghe,01-01,12-31,27,GB,114,449,KNOX James,rider/james-knox,01-01,12-31,34,BE,53,735,DECLERCQ Tim,rider/tim-declercq,01-01,12-31,24,IT,348,182,BAGIOLI Andrea,rider/andrea-bagioli,01-01,12-31,23,BE,485,109,VANSEVENANT Mauri,rider/mauri-vansevenant,01-01,12-31,23,CH,854.670000076294,46,SCHMID Mauro,rider/mauro-schmid,01-01,12-31,26,DE,87.8299999833107,541,STEIMLE Jannik,rider/jannik-steimle,01-01,12-31,27,DK,144,386,PEDERSEN Casper,rider/casper-pedersen,01-01,12-31,29,BE,134,407,VERVAEKE Louis,rider/louis-vervaeke,01-01,12-31,22,BE,367,169,VAN WILDER Ilan,rider/ilan-van-wilder,01-01,12-31,22,GB,278,228,VERNON Ethan,rider/ethan-vernon,01-01,12-31,23,BE,141,390,VAN TRICHT Stan,rider/stan-van-tricht,01-01,12-31,20,SK,7,1749,SVRČEK Martin,rider/martin-svrcek,01-01,12-31,WT,4,18,,,,,,,,,,,,,,,,,,,,,,,,,,,,,,,,
TBV,TBV,,2025 | Bahrain - Victorious,team/bahrain-victorious-2025/overview/,2024 | Bahrain - Victorious,team/bahrain-victorious-2024/overview/,2023 | Bahrain - Victorious,team/bahrain-victorious-2023/overview/,2022 | Bahrain - Victorious,team/bahrain-victorious-2022/overview/,2021 | Bahrain - Victorious,team/bahrain-victorious-2021/overview/,2020 | Bahrain - McLaren,team/bahrain-mclaren-2020/overview/,2019 | Bahrain Merida,team/bahrain-merida-2019/overview/,2018 | Bahrain Merida Pro Cycling Team,team/bahrain-merida-pro-cycling-team-2018/overview/,2017 | Bahrain Merida Pro Cycling Team,team/bahrain-merida-pro-cycling-team-2017/overview/,,,,,,,,,,,,,,,,,,,,,,,,,,,,,,,,,,,,,,,,,,,,,,,,,,,Bahrain - Victorious,BH,team/bahrain-victorious-2023,2522,7,33,ES,1080,24,LANDA Mikel,rider/mikel-landa,01-01,12-31,35,NL,199,297,POELS Wout,rider/wout-poels,01-01,12-31,35,IT,592,87,CARUSO Damiano,rider/damiano-caruso,01-01,12-31,33,ES,1599,7,BILBAO Pello,rider/pello-bilbao,01-01,12-31,39,AU,30,977,HAUSSLER Heinrich,rider/heinrich-haussler,01-01,12-31,28,SI,738,59,MOHORIČ Matej,rider/matej-mohoric,01-01,12-31,35,IT,392,148,PASQUALON Andrea,rider/andrea-pasqualon,01-01,12-31,29,AU,288,218,HAIG Jack,rider/jack-haig,01-01,12-31,31,DE,226.8299999833107,267,ARNDT Nikias,rider/nikias-arndt,01-01,12-31,38,JP,72,604,ARASHIRO Yukiya,rider/yukiya-arashiro,01-01,12-31,28,DE,502,107,BAUHAUS Phil,rider/phil-bauhaus,01-01,12-31,26,CH,467,117,MÄDER Gino,rider/gino-mader,01-01,12-31,32,AT,168,338,PERNSTEINER Hermann,rider/hermann-pernsteiner,01-01,12-31,30,DE,74,596,SÜTTERLIN Jasha,rider/jasha-sutterlin,01-01,12-31,23,CO,589,88,BUITRAGO Santiago,rider/santiago-buitrago-sanchez,01-01,12-31,32,PL,52,742,GRADEK Kamil,rider/kamil-gradek,01-01,12-31,23,GB,539,99,WRIGHT Fred,rider/alfred-wright,01-01,12-31,25,RS,59,686,RAJOVIĆ Dušan,rider/dusan-rajovic,01-01,12-31,22,IT,230,265,MILAN Jonathan,rider/jonathan-milan,01-01,12-31,23,PL,36,902,MACIEJUK Filip,rider/filip-maciejuk,01-01,12-31,21,IT,180,318,ZAMBANINI Edoardo,rider/edoardo-zambanini,01-01,12-31,22,SI,117,439,GOVEKAR Matevž,rider/matevz-govekar,01-01,12-31,20,HR,107,475,MIHOLJEVIĆ Fran,rider/fran-miholjevic,01-01,12-31,23,DK,25,1096,PRICE-PEJTERSEN Johan,rider/johan-price-pejtersen,01-01,12-31,25,AT,97,506,KEPPLINGER Rainer,rider/rainer-kepplinger,01-01,12-31,25,AU,30,990,SCOTT Cameron,rider/cameron-scott,01-01,12-31,22,BH,46,796,MADAN Ahmed,rider/ahmed-madan,01-01,12-31,26,TW,0,,TU Sergio,rider/chih-hao-tu,01-01,12-31,,,,,,,,,WT,6,3,,,,,,,,,,,,,,,,,,,,,,,,,,,,,,,,
TFS,TFS,,2026 | Trek - Segafredo,team/trek-segafredo-2026/overview/,2025 | Trek - Segafredo,team/trek-segafredo-2025/overview/,2024 | Trek - Segafredo,team/trek-segafredo-2024/overview/,2023 | Trek - Segafredo,team/trek-segafredo-2023/overview/,2022 | Trek - Segafredo,team/trek-segafredo-2022/overview/,2021 | Trek - Segafredo,team/trek-segafredo-2021/overview/,2020 | Trek - Segafredo,team/trek-segafredo-2020/overview/,2019 | Trek - Segafredo,team/trek-segafredo-2019/overview/,2018 | Trek - Segafredo,team/trek-segafredo-2018/overview/,2017 | Trek - Segafredo,team/trek-segafredo-2017/overview/,2016 | Trek - Segafredo,team/trek-segafredo-2016/overview/,2015 | Trek Factory Racing ,team/trek-factory-racing-2015/overview/,2014 | Trek Factory Racing ,team/trek-factory-racing-2014/overview/,2013 | RadioShack - Leopard,team/radioshack-leopard-2013/overview/,2012 | RadioShack - Nissan,team/radioshack-nissan-2012/overview/,2011 | Leopard Trek,team/leopard-trek-2011/overview/,,,,,,,,,,,,,,,,,,,,,,,,,,,,,,,,,,,,,Trek - Segafredo,US,team/trek-segafredo-2023,2439,8,36,NL,646.5,73,MOLLEMA Bauke,rider/bauke-mollema,01-01,12-31,34,FR,157,355,GALLOPIN Tony,rider/tony-gallopin,01-01,12-31,30,BE,367,167,STUYVEN Jasper,rider/jasper-stuyven,01-01,12-31,27,DK,1459,10,PEDERSEN Mads,rider/mads-pedersen,01-01,12-31,31,BE,634,77,THEUNS Edward,rider/edward-theuns,01-01,12-31,38,IT,60,675,CATALDO Dario,rider/dario-cataldo,01-01,12-31,28,IT,798,49,CICCONE Giulio,rider/giulio-ciccone,01-01,12-31,31,LV,385,154,SKUJIŅŠ Toms,rider/toms-skujins,01-01,12-31,34,ES,134,405,ABERASTURI Jon,rider/jon-aberasturi,01-01,12-31,31,FR,156,358,ELISSONDE Kenny,rider/kenny-elissonde,01-01,12-31,22,DK,987,32,SKJELMOSE Mattias,rider/mattias-skjelmose-jensen,01-01,12-31,28,NL,42,835,TOLHOEK Antwan,rider/antwan-tolhoek,01-01,12-31,28,NO,38,877,HOELGAARD Markus,rider/markus-hoelgaard,01-01,12-31,30,LV,155,365,LIEPIŅŠ Emīls,rider/emils-liepins,01-01,12-31,28,ER,102,485,GHEBREIGZABHIER Amanuel,rider/amanuel-ghebreigzabhier,01-01,12-31,23,ER,427,136,TESFATSION Natnael,rider/natnael-tesfatsion,01-01,12-31,30,LU,50,757,KIRSCH Alex,rider/alex-kirsch,01-01,12-31,29,IT,47,777,MOSCA Jacopo,rider/jacopo-mosca,01-01,12-31,31,FR,73,598,BERNARD Julien,rider/julien-bernard,01-01,12-31,21,US,241,257,SIMMONS Quinn,rider/quinn-simmons,01-01,12-31,25,ES,304,207,LÓPEZ Juan Pedro,rider/juan-pedro-lopez,01-01,12-31,21,IT,285,223,TIBERI Antonio,rider/antonio-tiberi,01-01,12-31,22,IT,96,510,BARONCINI Filippo,rider/filippo-baroncini,01-01,12-31,28,BE,61,661,VERGAERDE Otto,rider/otto-vergaerde,01-01,12-31,20,CZ,180,319,VACEK Mathias,rider/mathias-vacek,01-01,12-31,24,NL,70.5,610,HOOLE Daan,rider/daan-hoole,01-01,12-31,20,BE,84.33000001311302,554,NYS Thibau,rider/thibau-nys,01-01,12-31,24,DK,26,1067,HELLEMOSE Asbjørn,rider/asbjorn-hellemose,01-01,12-31,23,ES,16,1288,BRUSTENGA Marc,rider/marc-brustenga-masague,01-01,12-31,WT,7,7,,,,,,,,,,,,,,,,,,,,,,,,,,,,,,,,
TJV,TJV,,2027 | Jumbo-Visma,team/team-jumbo-visma-2027/overview/,2026 | Jumbo-Visma,team/team-jumbo-visma-2026/overview/,2025 | Jumbo-Visma,team/team-jumbo-visma-2025/overview/,2024 | Jumbo-Visma,team/team-jumbo-visma-2024/overview/,2023 | Jumbo-Visma,team/team-jumbo-visma-2023/overview/,2022 | Jumbo-Visma,team/team-jumbo-visma-2022/overview/,2021 | Team Jumbo-Visma,team/team-jumbo-visma-2021/overview/,2020 | Team Jumbo-Visma,team/team-jumbo-visma-2020/overview/,2019 | Team Jumbo-Visma,team/team-jumbo-visma-2019/overview/,2018 | Team LottoNL-Jumbo,team/team-lottonl-jumbo-2018/overview/,2017 | Team LottoNL-Jumbo,team/team-lottonl-jumbo-2017/overview/,2016 | Team LottoNL-Jumbo,team/team-lottonl-jumbo-2016/overview/,2015 | Team LottoNL-Jumbo,team/team-lottonl-jumbo-2015/overview/,2014 | Belkin-Pro Cycling Team,team/belkin-pro-cycling-team-2014/overview/,2013 | Belkin-Pro Cycling Team,team/belkin-pro-cycling-team-2013/overview/,2013 | Blanco Pro Cycling Team,team/blanco-pro-cycling-team-2013/overview/,2012 | Rabobank Cycling Team,team/rabobank-cycling-team-2012/overview/,2011 | Rabobank Cycling Team,team/rabobank-cycling-team-2011/overview/,2010 | Rabobank ProTeam,team/rabobank-proteam-2010/overview/,2009 | Rabobank ProTeam,team/rabobank-proteam-2009/overview/,2008 | Rabobank ProTeam,team/rabobank-proteam-2008/overview/,2007 | Rabobank ProTeam,team/rabobank-proteam-2007/overview/,2006 | Rabobank ProTeam,team/rabobank-proteam-2006/overview/,2005 | Rabobank ProTeam,team/rabobank-proteam-2005/overview/,2004 | Rabobank ProTeam,team/rabobank-proteam-2004/overview/,2003 | Rabobank ProTeam,team/rabobank-proteam-2003/overview/,2002 | Rabobank ProTeam,team/rabobank-proteam-2002/overview/,2001 | Rabobank ProTeam,team/rabobank-proteam-2001/overview/,2000 | Rabobank ProTeam,team/rabobank-proteam-2000/overview/,1999 | Rabobank ProTeam,team/rabobank-proteam-1999/overview/,1998 | Rabobank ProTeam,team/rabobank-proteam-1998/overview/,1997 | Rabobank ProTeam,team/rabobank-proteam-1997/overview/,1996 | Rabobank ProTeam,team/rabobank-proteam-1996/overview/,1995 | Novell Software - Decca,team/novell-software-decca-1995/overview/,Jumbo-Visma,NL,team/team-jumbo-visma-2023,4306,2,33,SI,1678,6,ROGLIČ Primož,rider/primoz-roglic,01-01,12-31,28,BE,2677,3,VAN AERT Wout,rider/wout-van-aert,01-01,12-31,36,NL,125,420,GESINK Robert,rider/robert-gesink,01-01,12-31,32,NL,423,138,KELDERMAN Wilco,rider/wilco-kelderman,01-01,12-31,32,AU,320,194,DENNIS Rohan,rider/rohan-dennis,01-01,12-31,29,BE,738,61,BENOOT Tiesj,rider/tiesj-benoot,01-01,12-31,35,NL,156,359,KRUIJSWIJK Steven,rider/steven-kruijswijk,01-01,12-31,30,FR,1246,16,LAPORTE Christophe,rider/christophe-laporte,01-01,12-31,30,NL,878,43,VAN BAARLE Dylan,rider/dylan-van-baarle,01-01,12-31,26,DK,2055,4,VINGEGAARD Jonas,rider/jonas-vingegaard-rasmussen,01-01,12-31,38,NL,72,603,VAN EMDEN Jos,rider/jos-van-emden,01-01,12-31,27,NL,164,344,OOMEN Sam,rider/sam-oomen,01-01,12-31,28,US,439,130,KUSS Sepp,rider/sepp-kuss,01-01,12-31,32,BE,80,572,VAN DER SANDE Tosh,rider/tosh-van-der-sande,01-01,12-31,33,SI,323,191,TRATNIK Jan,rider/jan-tratnik,01-01,12-31,21,NL,1182,19,KOOIJ Olav,rider/olav-kooij,01-01,12-31,30,NL,85,547,ROOSEN Timo,rider/timo-roosen,01-01,12-31,24,HU,342,183,VALTER Attila,rider/attila-valter,01-01,12-31,29,NL,423,137,BOUWMAN Koen,rider/koen-bouwman,01-01,12-31,25,NO,514,105,FOSS Tobias,rider/tobias-foss,01-01,12-31,26,IT,214.32999992370605,283,AFFINI Edoardo,rider/edoardo-affini,01-01,12-31,27,BE,251,247,VAN HOOYDONCK Nathan,rider/nathan-van-hooydonck,01-01,12-31,28,NL,15,1310,HOFSTEDE Lennard,rider/lennard-hofstede,01-01,12-31,23,NL,155,366,VAN DIJKE Mick,rider/mick-van-dijke,01-01,12-31,23,NL,239,258,LEEMREIZE Gijs,rider/gijs-leemreize,01-01,12-31,23,NL,156,363,VAN DIJKE Tim,rider/tim-van-dijke,01-01,12-31,21,GB,157,356,GLOAG Thomas,rider/thomas-gloag,01-01,12-31,21,DE,65.8299999833107,639,HESSMANN Michel,rider/michel-hessmann,01-01,12-31,27,NL,19,1215,VADER Milan,rider/milan-vader,01-01,12-31,WT,2,19,,,,,,,,,1994 | Wordperfect - Colnago - Decca,team/wordperfect-colnago-decca-1994/overview/,1993 | Wordperfect - Colnago - Decca,team/wordperfect-colnago-decca-1993/overview/,1992 | Buckler - Colnago - Decca,team/buckler-colnago-decca-1992/overview/,1991 | Buckler - Colnago - Decca,team/buckler-colnago-decca-1991/overview/,1990 | Buckler - Colnago - Decca,team/buckler-colnago-decca-1990/overview/,,,,,,,,,,,,,,
UAD,UAD,,2028 | UAE Team Emirates,team/uae-team-emirates-2028/overview/,2027 | UAE Team Emirates,team/uae-team-emirates-2027/overview/,2026 | UAE Team Emirates,team/uae-team-emirates-2026/overview/,2025 | UAE Team Emirates,team/uae-team-emirates-2025/overview/,2024 | UAE Team Emirates,team/uae-team-emirates-2024/overview/,2023 | UAE Team Emirates,team/uae-team-emirates-2023/overview/,2022 | UAE Team Emirates,team/uae-team-emirates-2022/overview/,2021 | UAE Team Emirates,team/uae-team-emirates-2021/overview/,2020 | UAE Team Emirates,team/uae-team-emirates-2020/overview/,2019 | UAE Team Emirates,team/uae-team-emirates-2019/overview/,2018 | UAE Team Emirates,team/uae-team-emirates-2018/overview/,2017 | UAE Team Emirates,team/uae-team-emirates-2017/overview/,2016 | Lampre - Merida,team/lampre-merida-2016/overview/,2015 | Lampre - Merida,team/lampre-merida-2015/overview/,2014 | Lampre - Merida,team/lampre-merida-2014/overview/,2013 | Lampre - Merida,team/lampre-merida-2013/overview/,2012 | Lampre - ISD,team/lampre-isd-2012/overview/,2011 | Lampre - ISD,team/lampre-isd-2011/overview/,2010 | Lampre - Farnese Vini,team/lampre-farnese-vini-2010/overview/,2009 | Lampre - NGC,team/lampre-ngc-2009/overview/,2008 | Lampre,team/lampre-2008/overview/,2007 | Lampre-Fondital,team/lampre-fondital-2007/overview/,2006 | Lampre-Fondital,team/lampre-fondital-2006/overview/,2005 | Lampre-Caffita,team/lampre-caffita-2005/overview/,2004 | Lampre,team/lampre-2004/overview/,2003 | Lampre,team/lampre-2003/overview/,2002 | Lampre - Daikin,team/lampre-daikin-2002/overview/,2001 | Lampre - Daikin,team/lampre-daikin-2001/overview/,2000 | Lampre - Daikin,team/lampre-daikin-2000/overview/,1999 | Lampre - Daikin - Colnago,team/lampre-daikin-colnago-1999/overview/,,,,,,,,,UAE Team Emirates,AE,team/uae-team-emirates-2023,4619,1,33,IT,768,54,ULISSI Diego,rider/diego-ulissi,01-01,12-31,24,SI,3299,1,POGAČAR Tadej,rider/tadej-pogacar,01-01,12-31,30,GB,1059,25,YATES Adam,rider/adam-yates,01-01,12-31,33,PL,276,229,MAJKA Rafał,rider/rafal-majka,01-01,12-31,31,BE,455,122,WELLENS Tim,rider/tim-wellens,01-01,12-31,33,IT,643,74,TRENTIN Matteo,rider/matteo-trentin,01-01,12-31,29,DE,431,133,ACKERMANN Pascal,rider/pascal-ackermann,01-01,12-31,32,NZ,396,147,BENNETT George,rider/george-bennett,01-01,12-31,24,PT,1022,27,ALMEIDA João,rider/joao-almeida,01-01,12-31,30,IT,386,153,FORMOLO Davide,rider/davide-formolo,01-01,12-31,29,ES,632,78,SOLER Marc,rider/marc-soler,01-01,12-31,24,CH,630,80,HIRSCHI Marc,rider/marc-hirschi,01-01,12-31,29,AT,358,177,GROßSCHARTNER Felix,rider/felix-grossschartner,01-01,12-31,30,SI,204,290,POLANC Jan,rider/jan-polanc,01-01,12-31,24,US,447,127,MCNULTY Brandon,rider/brandon-mcnulty,01-01,12-31,28,CO,540,98,MOLANO Juan Sebastián,rider/juan-sebastian-molano,01-01,12-31,28,ZA,61,664,GIBBONS Ryan,rider/ryan-gibbons,01-01,12-31,26,CO,0,,HODEG Álvaro José,rider/alvaro-jose-hodeg,01-01,12-31,34,NO,46,787,LAENGEN Vegard Stake,rider/vegard-stake-laengen,01-01,12-31,24,IT,261,243,COVI Alessandro,rider/alessandro-covi,01-01,12-31,20,ES,637,75,AYUSO Juan,rider/juan-ayuso-pesquera,01-01,12-31,27,AU,826,47,VINE Jay,rider/jay-vine,01-01,12-31,24,DK,224,275,BJERG Mikkel,rider/mikkel-bjerg,01-01,12-31,26,PT,168,336,OLIVEIRA Rui,rider/rui-oliveira,01-01,12-31,27,SI,199,299,NOVAK Domen,rider/domen-novak,01-01,12-31,27,NL,294,215,BAX Sjoerd,rider/sjoerd-bax,01-01,12-31,31,NZ,10,1490,VINK Michael,rider/michael-vink,01-01,12-31,21,NZ,59,691,FISHER-BLACK Finn,rider/finn-fisher-black,01-01,12-31,26,PT,68,629,OLIVEIRA Ivo,rider/ivo-emanuel-alves,01-01,12-31,WT,1,16,24,DE,30,986,GROß Felix,rider/felix-gros,01-01,12-31,,,,,,,,,,,,,,,,,,,,,,,,
